{
    "vertices":[1.52782,0.046728,-2.63578,2.05108,0.046728,-1.00944,0.97628,0.046728,-2.08424,1.52782,2.88673,-2.63578,2.05108,2.88673,-1.00944,2.60263,2.88673,-1.56098,2.60263,0.046728,-1.56098,0.97628,2.88673,-2.08424,1.52782,2.88673,-2.63578,1.52782,2.88673,-2.63578,2.60263,2.88673,-1.56098,2.60263,2.88673,-1.56098,0.97628,0.046728,-2.08424,0.97628,0.046728,-2.08424,0.97628,2.88673,-2.08424,0.97628,2.88673,-2.08424,2.05108,2.88673,-1.00944,2.05108,2.88673,-1.00944,2.60263,0.046728,-1.56098,2.60263,0.046728,-1.56098,1.52782,0.046728,-2.63578,1.52782,0.046728,-2.63578,2.05108,0.046728,-1.00944,2.05108,0.046728,-1.00944],
    "metadata":{
        "generator":"io_three",
        "version":3,
        "vertices":24,
        "type":"Geometry",
        "normals":6,
        "uvs":0,
        "faces":12
    },
    "uvs":[],
    "normals":[0,-1,0,0,1,0,0.707083,0,-0.707083,0.707083,0,0.707083,-0.707083,0,0.707083,-0.707083,0,-0.707083],
    "faces":[32,21,23,13,0,0,0,32,9,17,10,1,1,1,32,8,18,20,2,2,2,32,11,1,19,3,3,3,32,16,12,22,4,4,4,32,0,7,3,5,5,5,32,21,6,23,0,0,0,32,9,15,17,1,1,1,32,8,5,18,2,2,2,32,11,4,1,3,3,3,32,16,14,12,4,4,4,32,0,2,7,5,5,5]
}